id;title;catagory;dateposted
1;Handmade Concrete Computer Specialist Car;Fantastic Cotton Salad Sweden;2021-03-21
2;International;Uzbekistan Estate Borders;2021-03-21
3;reintermediate Corporate Computers;Light Security;2021-03-21
4;bandwidth;Factors;2021-03-20
5;Grenada Refined Licensed Metal Bike;Customer Strategist;2021-03-21
6;Ergonomic Soft Soap encryption Computers;GB;2021-03-21
7;parse EXE;Garden salmon;2021-03-21
8;Agent Manager;purple bypassing;2021-03-21
9;markets Fantastic invoice;bypass TCP Washington;2021-03-20
10;platforms budgetary management robust;IB;2021-03-21
