id;title;content;date;relate_post_id
1;payment Awesome Concrete Keyboard Health;../fake-data/blob/hipster.txt;2021-03-28T10:01:10;87987
2;monitor;../fake-data/blob/hipster.txt;2021-03-27T20:41:17;7782
3;Refined Fresh Tuna Gorgeous reintermediate;../fake-data/blob/hipster.txt;2021-03-27T23:32:05;72468
4;programming;../fake-data/blob/hipster.txt;2021-03-28T05:49:02;49734
5;Fresh South Carolina;../fake-data/blob/hipster.txt;2021-03-28T10:02:36;46591
6;mint green Metrics sky blue;../fake-data/blob/hipster.txt;2021-03-28T13:49:31;79613
7;synthesize;../fake-data/blob/hipster.txt;2021-03-27T22:32:29;72171
8;Savings Account bricks-and-clicks;../fake-data/blob/hipster.txt;2021-03-28T02:17:41;81861
9;application Knoll;../fake-data/blob/hipster.txt;2021-03-28T11:50:16;87403
10;eyeballs port;../fake-data/blob/hipster.txt;2021-03-28T09:30:45;33743
