id;title;date;details;location;price;agency;booking_status;start_time;end_time;slot;popularity
1;zero tolerance;2021-03-28T09:34:04;Associate Assurance info-mediaries;green;21804;Gloves Baby;Handcrafted Plastic Mouse neural Architect;2021-03-28T14:41:40;2021-03-28T17:02:38;3244;35838
2;navigating Factors;2021-03-28T00:11:11;deposit;scale maximized Chief;38711;Awesome Rubber Salad quantifying;black Streamlined;2021-03-28T11:38:23;2021-03-28T10:28:53;36728;13375
3;Bedfordshire;2021-03-28T07:33:44;Rubber Home Bedfordshire;Games;54482;magenta revolutionize;Rubber Licensed Wooden Ball;2021-03-28T04:29:45;2021-03-28T11:57:57;89046;41080
4;programming Soft;2021-03-28T10:23:04;Licensed Balboa US Dollar;Metal Administrator;49741;invoice withdrawal Money Market Account;mission-critical;2021-03-27T22:50:02;2021-03-28T08:11:27;89200;58599
5;Peso Uruguayo Uruguay Peso en Unidades Indexadas p;2021-03-28T02:22:39;AGP Computers;mission-critical bypass;6349;bandwidth Consultant Rhode Island;Massachusetts Kids Bhutan;2021-03-28T11:24:27;2021-03-28T07:57:29;35792;14368
6;transmit Technician productivity;2021-03-27T22:30:23;Multi-lateral Danish Krone;middleware Cloned Chips;95662;New Caledonia Bedfordshire;calculate mobile USB;2021-03-28T04:46:30;2021-03-28T15:10:48;6279;58
7;collaborative Jewelery Coordinator;2021-03-28T10:08:05;Auto Loan Account ROI Division;online hacking Frozen;58799;Front-line Kids;channels maximize SMTP;2021-03-28T04:17:17;2021-03-28T10:16:19;45755;51695
8;mobile violet Somali Shilling;2021-03-28T01:19:27;reboot Won;Ergonomic Plastic Bacon Cotton;15157;plum;Kansas hacking Path;2021-03-28T13:15:05;2021-03-27T20:16:48;70376;45804
9;convergence;2021-03-28T09:15:43;Assurance streamline;orchestration white withdrawal;84192;online;azure;2021-03-28T16:56:06;2021-03-27T22:32:00;25457;27588
10;withdrawal;2021-03-27T19:12:39;Identity;Architect;97049;Enterprise-wide;transition;2021-03-28T16:22:03;2021-03-28T05:14:45;34882;61568
